{"cameraMode":{"drawMode":0,"name":"Shaded","section":"Shading Mode"},"sceneLighting":true,"audioPlay":false,"sceneViewState":{"showFog":false,"showMaterialUpdate":false,"showSkybox":false,"showFlares":false,"showImageEffects":false,"showParticleSystems":false},"in2DMode":false,"pivot":{"x":48.08774948120117,"y":4.22575569152832,"z":1.3737019300460816},"rotation":{"x":0.1086755096912384,"y":-0.7684483528137207,"z":0.13560453057289124,"w":0.6158638596534729},"size":5.010087966918945,"orthographic":false}