{"cameraMode":{"drawMode":0,"name":"Shaded","section":"Shading Mode"},"sceneLighting":false,"audioPlay":false,"sceneViewState":{"showFog":false,"showMaterialUpdate":false,"showSkybox":false,"showFlares":false,"showImageEffects":false,"showParticleSystems":false},"in2DMode":false,"pivot":{"x":14.402945518493653,"y":1.4717659950256348,"z":0.4063504934310913},"rotation":{"x":-0.0014594855019822717,"y":-0.9175613522529602,"z":0.003361327340826392,"w":-0.3975774049758911},"size":1.1100876331329346,"orthographic":false}